-- phpMyAdmin SQL Dump
-- version 4.0.10.18
-- https://www.phpmyadmin.net
--
-- Host: localhost:3306
-- Generation Time: Aug 15, 2017 at 10:53 AM
-- Server version: 5.6.35-cll-lve
-- PHP Version: 5.6.30

SET SQL_MODE = "NO_AUTO_VALUE_ON_ZERO";
SET time_zone = "+00:00";


/*!40101 SET @OLD_CHARACTER_SET_CLIENT=@@CHARACTER_SET_CLIENT */;
/*!40101 SET @OLD_CHARACTER_SET_RESULTS=@@CHARACTER_SET_RESULTS */;
/*!40101 SET @OLD_COLLATION_CONNECTION=@@COLLATION_CONNECTION */;
/*!40101 SET NAMES utf8 */;

--
-- Database: `tapkey`
--

-- --------------------------------------------------------

--
-- Table structure for table `apply_tbl`
--

CREATE TABLE IF NOT EXISTS `apply_tbl` (
  `id` int(4) NOT NULL AUTO_INCREMENT,
  `stuid` varchar(12) NOT NULL,
  `companyid` int(3) NOT NULL,
  `appliedon` varchar(100) NOT NULL,
  PRIMARY KEY (`id`),
  UNIQUE KEY `id` (`id`),
  KEY `stuid` (`stuid`),
  KEY `companyid` (`companyid`)
) ENGINE=InnoDB  DEFAULT CHARSET=latin1 AUTO_INCREMENT=199 ;

--
-- Dumping data for table `apply_tbl`
--

INSERT INTO `apply_tbl` (`id`, `stuid`, `companyid`, `appliedon`) VALUES
(13, '2015PGCACA71', 1, 'Sunday 16th of April 2017 07:14:34 AM'),
(14, '2015PGCACA08', 1, 'Applied Via Whatsapp'),
(15, '2015PGCACA11', 1, 'Applied Via Whatsapp'),
(16, '2015PGCACA13', 1, 'Applied Via Whatsapp'),
(17, '2015PGCACA14', 1, 'Applied Via Whatsapp'),
(18, '2015PGCACA15', 1, 'Applied Via Whatsapp'),
(19, '2015PGCACA16', 1, 'Applied Via Whatsapp'),
(20, '2015PGCACA17', 1, 'Applied Via Whatsapp'),
(21, '2015PGCACA20', 1, 'Applied Via Whatsapp'),
(22, '2015PGCACA23', 1, 'Applied Via Whatsapp'),
(23, '2015PGCACA26', 1, 'Applied Via Whatsapp'),
(24, '2015PGCACA35', 1, 'Applied Via Whatsapp'),
(25, '2015PGCACA29', 1, 'Applied Via Whatsapp'),
(26, '2015PGCACA36', 1, 'Applied Via Whatsapp'),
(27, '2015PGCACA37', 1, 'Applied Via Whatsapp'),
(28, '2015PGCACA42', 1, 'Applied Via Whatsapp'),
(29, '2015PGCACA49', 1, 'Applied Via Whatsapp'),
(30, '2015PGCACA52', 1, 'Applied Via Whatsapp'),
(31, '2015PGCACA55', 1, 'Applied Via Whatsapp'),
(32, '2015PGCACA57', 1, 'Applied Via Whatsapp'),
(33, '2015PGCACA59', 1, 'Applied Via Whatsapp'),
(34, '2015PGCACA60', 1, 'Applied Via Whatsapp'),
(35, '2015PGCACA64', 1, 'Applied Via Whatsapp'),
(36, '2015PGCACA67', 1, 'Applied Via Whatsapp'),
(37, '2015PGCACA72', 1, 'Applied Via Whatsapp'),
(38, '2015PGCACA73', 1, 'Applied Via Whatsapp'),
(39, '2015PGCACA74', 1, 'Applied Via Whatsapp'),
(40, '2015PGCACA77', 1, 'Applied Via Whatsapp'),
(41, '2015PGCACA71', 2, 'Friday 30th of June 2017 01:10:38 AM'),
(42, '2015PGCACA36', 2, 'Friday 30th of June 2017 01:17:36 AM'),
(43, '2015PGCACA72', 2, 'Friday 30th of June 2017 01:23:57 AM'),
(44, '2015PGCACA43', 2, 'Friday 30th of June 2017 04:08:56 AM'),
(45, '2015PGCACA53', 2, 'Friday 30th of June 2017 08:49:30 AM'),
(46, '2015PGCACA40', 2, 'Friday 30th of June 2017 09:05:52 AM'),
(47, '2015PGCACA55', 2, 'Friday 30th of June 2017 10:20:55 AM'),
(48, '2015PGCACA74', 2, 'Friday 30th of June 2017 10:24:32 AM'),
(49, '2015PGCACA01', 2, 'Friday 30th of June 2017 10:33:29 AM'),
(50, '2015PGCACA70', 2, 'Friday 30th of June 2017 10:34:44 AM'),
(51, '2015PGCACA54', 2, 'Friday 30th of June 2017 10:54:34 AM'),
(52, '2015PGCACA26', 2, 'Friday 30th of June 2017 11:11:37 AM'),
(53, '2015PGCACA59', 2, 'Friday 30th of June 2017 11:34:09 AM'),
(54, '2015PGCACA52', 2, 'Friday 30th of June 2017 11:38:57 AM'),
(55, '2015PGCACA37', 2, 'Friday 30th of June 2017 11:50:11 AM'),
(56, '2015PGCACA06', 2, 'Friday 30th of June 2017 12:22:49 PM'),
(57, '2015PGCACA22', 2, 'Friday 30th of June 2017 01:28:46 PM'),
(58, '2015PGCACA13', 2, 'Friday 30th of June 2017 01:42:39 PM'),
(59, '2015PGCACA10', 2, 'Friday 30th of June 2017 03:47:53 PM'),
(60, '2015PGCACA77', 2, 'Friday 30th of June 2017 04:03:55 PM'),
(61, '2015PGCACA14', 2, 'Friday 30th of June 2017 04:47:48 PM'),
(62, '2015PGCACA64', 2, 'Friday 30th of June 2017 05:01:38 PM'),
(63, '2015PGCACA60', 2, 'Friday 30th of June 2017 05:36:26 PM'),
(64, '2015PGCACA25', 2, 'Friday 30th of June 2017 05:48:22 PM'),
(65, '2015PGCACA57', 2, 'Friday 30th of June 2017 06:29:19 PM'),
(66, '2015PGCACA15', 2, 'Friday 30th of June 2017 06:40:05 PM'),
(67, '2015PGCACA73', 2, 'Friday 30th of June 2017 06:42:31 PM'),
(68, '2015PGCACA42', 2, 'Friday 30th of June 2017 08:12:46 PM'),
(69, '2015PGCACA21', 2, 'Friday 30th of June 2017 08:34:53 PM'),
(70, '2015PGCACA49', 2, 'Friday 30th of June 2017 09:42:11 PM'),
(71, '2015PGCACA35', 2, 'Friday 30th of June 2017 10:42:37 PM'),
(72, '2015PGCACA18', 2, 'Saturday 1st of July 2017 12:08:43 AM'),
(73, '2015PGCACA34', 2, 'Saturday 1st of July 2017 12:11:55 AM'),
(74, '2015PGCACA38', 2, 'Sunday 2nd of July 2017 12:01:20 AM'),
(75, '2015PGCACA16', 2, 'Sunday 2nd of July 2017 09:14:53 PM'),
(76, '2015PGCACA48', 2, 'Tuesday 4th of July 2017 11:40:26 AM'),
(77, '2015PGCACA17', 2, 'Tuesday 4th of July 2017 12:05:34 PM'),
(78, '2015PGCACA81', 2, 'Tuesday 4th of July 2017 12:09:28 PM'),
(79, '2015PGCACA11', 2, 'Tuesday 4th of July 2017 12:09:29 PM'),
(80, '2015PGCACA12', 2, 'Tuesday 4th of July 2017 12:32:40 PM'),
(81, '2015PGCACA08', 2, 'Tuesday 4th of July 2017 12:33:15 PM'),
(82, '2015PGCACA05', 2, 'Tuesday 4th of July 2017 12:46:18 PM'),
(83, '2015PGCACA69', 2, 'Tuesday 4th of July 2017 02:24:55 PM'),
(84, '2015PGCACA75', 2, 'Tuesday 4th of July 2017 02:26:06 PM'),
(85, '2015PGCACA71', 3, 'Tuesday 4th of July 2017 05:09:34 PM'),
(86, '2015PGCACA23', 2, 'Tuesday 4th of July 2017 05:18:50 PM'),
(87, '2015PGCACA54', 3, 'Tuesday 4th of July 2017 05:19:54 PM'),
(88, '2015PGCACA26', 3, 'Tuesday 4th of July 2017 05:20:30 PM'),
(89, '2015PGCACA53', 3, 'Tuesday 4th of July 2017 05:24:21 PM'),
(90, '2015PGCACA15', 3, 'Tuesday 4th of July 2017 05:26:09 PM'),
(91, '2015PGCACA40', 3, 'Tuesday 4th of July 2017 05:34:55 PM'),
(92, '2015PGCACA42', 3, 'Tuesday 4th of July 2017 05:38:34 PM'),
(93, '2015PGCACA55', 3, 'Tuesday 4th of July 2017 05:39:05 PM'),
(94, '2015PGCACA39', 2, 'Tuesday 4th of July 2017 06:06:11 PM'),
(95, '2015PGCACA57', 3, 'Tuesday 4th of July 2017 06:24:01 PM'),
(96, '2015PGCACA25', 3, 'Tuesday 4th of July 2017 06:34:44 PM'),
(97, '2015PGCACA45', 3, 'Tuesday 4th of July 2017 06:43:06 PM'),
(98, '2015PGCACA45', 2, 'Tuesday 4th of July 2017 06:45:24 PM'),
(99, '2015PGCACA03', 2, 'Tuesday 4th of July 2017 06:58:35 PM'),
(100, '2015PGCACA06', 3, 'Tuesday 4th of July 2017 07:05:02 PM'),
(101, '2015PGCACA29', 3, 'Tuesday 4th of July 2017 07:22:50 PM'),
(102, '2015PGCACA72', 3, 'Tuesday 4th of July 2017 07:23:11 PM'),
(103, '2015PGCACA37', 3, 'Tuesday 4th of July 2017 07:27:16 PM'),
(104, '2015PGCACA13', 3, 'Tuesday 4th of July 2017 07:36:06 PM'),
(105, '2015PGCACA11', 3, 'Tuesday 4th of July 2017 07:40:19 PM'),
(106, '2015PGCACA01', 3, 'Tuesday 4th of July 2017 07:47:00 PM'),
(107, '2015PGCACA17', 3, 'Tuesday 4th of July 2017 07:53:58 PM'),
(108, '2015PGCACA52', 3, 'Tuesday 4th of July 2017 07:59:21 PM'),
(109, '2015PGCACA14', 3, 'Tuesday 4th of July 2017 08:02:37 PM'),
(110, '2015PGCACA81', 3, 'Tuesday 4th of July 2017 08:04:33 PM'),
(111, '2015PGCACA28', 3, 'Tuesday 4th of July 2017 08:05:48 PM'),
(112, '2015PGCACA28', 2, 'Tuesday 4th of July 2017 08:05:49 PM'),
(113, '2015PGCACA77', 3, 'Tuesday 4th of July 2017 08:08:01 PM'),
(114, '2015PGCACA27', 3, 'Tuesday 4th of July 2017 08:09:01 PM'),
(115, '2015PGCACA27', 2, 'Tuesday 4th of July 2017 08:09:06 PM'),
(116, '2015PGCACA12', 3, 'Tuesday 4th of July 2017 08:11:23 PM'),
(117, '2015PGCACA74', 3, 'Tuesday 4th of July 2017 08:18:54 PM'),
(118, '2015PGCACA24', 2, 'Tuesday 4th of July 2017 08:19:46 PM'),
(119, '2015PGCACA24', 3, 'Tuesday 4th of July 2017 08:19:48 PM'),
(120, '2015PGCACA68', 3, 'Tuesday 4th of July 2017 08:31:48 PM'),
(121, '2015PGCACA23', 3, 'Tuesday 4th of July 2017 09:06:30 PM'),
(122, '2015PGCACA18', 3, 'Tuesday 4th of July 2017 09:23:10 PM'),
(123, '2015PGCACA80', 3, 'Tuesday 4th of July 2017 09:32:26 PM'),
(124, '2015PGCACA35', 3, 'Tuesday 4th of July 2017 10:05:27 PM'),
(125, '2015PGCACA80', 2, 'Tuesday 4th of July 2017 10:33:47 PM'),
(126, '2015PGCACA32', 3, 'Wednesday 5th of July 2017 08:00:05 AM'),
(127, '2015PGCACA32', 2, 'Wednesday 5th of July 2017 08:00:07 AM'),
(129, '2015PGCACA73', 3, 'Wednesday 5th of July 2017 09:10:16 AM'),
(130, '2015PGCACA29', 2, 'Saturday 15th of July 2017 11:47:53 AM'),
(131, '2015PGCACA20', 2, 'Saturday 15th of July 2017 02:49:13 PM'),
(132, '2015PGCACA09', 2, 'Saturday 15th of July 2017 03:59:15 PM'),
(133, '2015PGCACA44', 2, 'Saturday 15th of July 2017 08:55:41 PM'),
(134, '2016PGCACA71', 2, 'Sunday 16th of July 2017 08:13:08 PM'),
(135, '2015PGCACA67', 2, 'Wednesday 19th of July 2017 05:16:28 PM'),
(136, '2015PGCACA46', 2, 'Friday 21st of July 2017 08:34:41 AM'),
(137, '2015PGCACA82', 2, 'Sunday 23rd of July 2017 12:41:29 AM'),
(138, '2015PGCACA68', 2, 'Friday 28th of July 2017 12:52:23 PM'),
(139, '2016PGCACA68', 2, 'Friday 28th of July 2017 02:54:51 PM'),
(140, '2016PGCACA25', 2, 'Friday 28th of July 2017 02:58:39 PM'),
(141, '2016PGCACA35', 2, 'Friday 28th of July 2017 03:02:16 PM'),
(142, '2016PGCACA10', 2, 'Friday 28th of July 2017 03:03:22 PM'),
(143, '2016PGCACA12', 2, 'Friday 28th of July 2017 03:03:35 PM'),
(144, '2016PGCACA27', 2, 'Friday 28th of July 2017 03:32:31 PM'),
(145, '2016PGCACA46', 2, 'Friday 28th of July 2017 04:05:17 PM'),
(146, '2016PGCACA37', 2, 'Friday 28th of July 2017 04:06:33 PM'),
(147, '2016PGCACA04', 2, 'Friday 28th of July 2017 04:09:11 PM'),
(148, '2016PGCACA24', 2, 'Friday 28th of July 2017 04:09:46 PM'),
(149, '2016PGCACA36', 2, 'Friday 28th of July 2017 04:14:24 PM'),
(150, '2016PGCACA57', 2, 'Friday 28th of July 2017 04:14:57 PM'),
(151, '2016PGCACA17', 2, 'Friday 28th of July 2017 04:17:48 PM'),
(152, '2016PGCACA38', 2, 'Friday 28th of July 2017 04:20:37 PM'),
(153, '2016PGCACA39', 2, 'Friday 28th of July 2017 04:28:54 PM'),
(154, '2015PGCACA04', 2, 'Friday 28th of July 2017 04:30:27 PM'),
(155, '2016PGCACA73', 2, 'Friday 28th of July 2017 04:53:36 PM'),
(156, '2016PGCACA78', 2, 'Friday 28th of July 2017 04:54:00 PM'),
(157, '2016PGCACA16', 2, 'Friday 28th of July 2017 05:00:01 PM'),
(158, '2016PGCACA47', 2, 'Friday 28th of July 2017 05:06:21 PM'),
(159, '2016PGCACA20', 2, 'Friday 28th of July 2017 05:45:47 PM'),
(160, '2016PGCACA66', 2, 'Friday 28th of July 2017 05:47:16 PM'),
(161, '2016PGCACA33', 2, 'Friday 28th of July 2017 06:19:22 PM'),
(162, '2016PGCACA14', 2, 'Friday 28th of July 2017 06:46:05 PM'),
(163, '2016PGCACA34', 2, 'Friday 28th of July 2017 06:54:28 PM'),
(164, '2016PGCACA32', 2, 'Friday 28th of July 2017 06:58:59 PM'),
(165, '2016PGCACA54', 2, 'Friday 28th of July 2017 07:07:28 PM'),
(166, '2016PGCACA21', 2, 'Friday 28th of July 2017 07:13:32 PM'),
(167, '2016PGCACA29', 2, 'Friday 28th of July 2017 07:52:48 PM'),
(168, '2016PGCACA26', 2, 'Friday 28th of July 2017 07:59:51 PM'),
(169, '2016PGCACA43', 2, 'Friday 28th of July 2017 08:26:48 PM'),
(170, '2016PGCACA52', 2, 'Friday 28th of July 2017 08:28:58 PM'),
(171, '2016PGCACA77', 2, 'Friday 28th of July 2017 08:33:04 PM'),
(172, '2016PGCACA41', 2, 'Friday 28th of July 2017 10:05:34 PM'),
(173, '2016PGCACA42', 2, 'Friday 28th of July 2017 10:43:19 PM'),
(174, '2016PGCACA56', 2, 'Saturday 29th of July 2017 09:35:02 AM'),
(175, '2016PGCACA72', 2, 'Saturday 29th of July 2017 10:09:39 AM'),
(176, '2016PGCACA70', 2, 'Saturday 29th of July 2017 10:10:56 AM'),
(177, '2015PGCACA40', 4, 'Sunday 30th of July 2017 11:42:35 PM'),
(178, '2015PGCACA82', 4, 'Sunday 30th of July 2017 11:43:57 PM'),
(179, '2015PGCACA44', 4, 'Sunday 30th of July 2017 11:44:33 PM'),
(180, '2015PGCACA27', 4, 'Sunday 30th of July 2017 11:47:21 PM'),
(181, '2015PGCACA18', 4, 'Sunday 30th of July 2017 11:52:00 PM'),
(182, '2015PGCACA36', 4, 'Sunday 30th of July 2017 11:52:16 PM'),
(183, '2015PGCACA46', 4, 'Sunday 30th of July 2017 11:53:41 PM'),
(184, '2015PGCACA45', 4, 'Monday 31st of July 2017 12:08:06 AM'),
(185, '2015PGCACA15', 4, 'Monday 31st of July 2017 12:28:18 AM'),
(186, '2015PGCACA23', 4, 'Monday 31st of July 2017 12:42:14 AM'),
(187, '2015PGCACA17', 4, 'Monday 31st of July 2017 12:46:24 AM'),
(188, '2015PGCACA21', 4, 'Monday 31st of July 2017 12:48:00 AM'),
(189, '2015PGCACA37', 4, 'Monday 31st of July 2017 12:48:34 AM'),
(190, '2015PGCACA19', 4, 'Monday 31st of July 2017 12:49:27 AM'),
(191, '2015PGCACA06', 4, 'Monday 31st of July 2017 12:51:44 AM'),
(192, '2015PGCACA38', 4, 'Monday 31st of July 2017 12:53:22 AM'),
(193, '2015PGCACA74', 4, 'Monday 31st of July 2017 12:53:58 AM'),
(194, '2015PGCACA25', 4, 'Monday 31st of July 2017 12:55:34 AM'),
(195, '2015PGCACA54', 4, 'Monday 31st of July 2017 03:53:02 AM'),
(196, '2015PGCACA03', 4, 'Monday 31st of July 2017 07:05:12 AM'),
(197, '2015PGCACA59', 4, 'Monday 31st of July 2017 08:02:11 AM'),
(198, '2015PGCACA32', 4, 'Monday 31st of July 2017 10:12:28 AM');

-- --------------------------------------------------------

--
-- Table structure for table `company_tbl`
--

CREATE TABLE IF NOT EXISTS `company_tbl` (
  `id` int(3) NOT NULL AUTO_INCREMENT,
  `name` varchar(100) NOT NULL,
  `details` varchar(5000) NOT NULL,
  `date` varchar(10) NOT NULL,
  `deadline` varchar(11) NOT NULL,
  `stipend` varchar(100) NOT NULL,
  `year2` int(1) NOT NULL,
  `year3` int(1) NOT NULL,
  PRIMARY KEY (`id`)
) ENGINE=InnoDB  DEFAULT CHARSET=latin1 AUTO_INCREMENT=5 ;

--
-- Dumping data for table `company_tbl`
--

INSERT INTO `company_tbl` (`id`, `name`, `details`, `date`, `deadline`, `stipend`, `year2`, `year3`) VALUES
(1, 'Globcon Technologies Pvt. Ltd.', '<b>About</b>: GlobCon Technologies (GCT) builds customized Data Analytics and Machine Learning Solutions. We were one of top 10 emerging analytics companies of India for the year 2016.\n<br>\n<b>Project Details</b>:<br>\n1.)Building Analytics models using R, Python etc.<br>\n2.)Building Dashboards using Tableau, MS-office etc.<br>\n3.)Database management systems<br>\n4.)The project will have exposure to sectors like Financial, Healthcare, Retail, HR, Social Media etc.\n<br>\n<b>Duration</b>: 10 Weeks<br>\n\n<b>Posting</b>: Mumbai</br>\n\n<b>Eligible Branches</b>: B.tech(CSE, ECE), MCA, M.tech(CSE)<br>\n\n<b>Stipend</b>: 16,000 for entire project<br>\n<b>Process</b>: Resume based shortlisting followed by telephonic/skype interviews.', '2017-04-16', '2017-04-16', '&#8377; 16000 for entire project', 0, 1),
(2, 'Amazon Development Centre India Pvt. Ltd.', '<b>Online Test - </b>29/07/2017<br><b>Interview Date - </b>1st / 2nd Aug, 2017<br><b>Eligibility - </b>NONE<br><b>Eligible Branch - </b>ALL<br><b>Positions - </b>SDE And Intern(2 months)<br><b>Location - </b>Hyderabad/Chennai/Banglore/Delhi<br>', '2017-06-30', '2017-08-01', '&#8377; 25 LPA for SDE<br> &#8377; 30,000/- for Interns', 1, 1),
(3, 'FICO (Fair Isaac Corporation)', '<b>Pool campus at NIT Raipur</b><br><b>Date : </b>07-07-2017<br><b>Time : </b>09:00 A.M. Sharp<br><b>Eligibility :\n </b>No Backlogs<br><b>Positions Offered : </b><br>1. Software Development Engineer<br>2. Software Quality Assurance Engineer<br>\n<b>Selected candidates will be offered intern position starting 2nd Jan 2018</b>', '2017-07-04', '2017-07-05', '&#8377; 26,000/- for intern<br>\n&#8377; 7,50,000/- for full time employee', 0, 1),
(4, 'DIRECT I', '<b>Directi comprises of a group of tech businesses owned, operated or invested in by Bhavin and/or Divyank Turakhia. The Group boasts of multiple business units that are run independently by their respective management teams</b><br><b>Date : </b>03-08-2017<br><b>Time : </b><br><b>Eligibility :\n </b>NONE<br><b>Positions Offered : </b><br>1. Platform Engineer<br>2. Application Engineer<br>\n<b></b>', '2017-07-30', '2017-07-31', '&#8377; <br>\n&#8377; ', 0, 1);

-- --------------------------------------------------------

--
-- Table structure for table `stu_tbl`
--

CREATE TABLE IF NOT EXISTS `stu_tbl` (
  `username` varchar(12) NOT NULL,
  `password` varchar(500) NOT NULL,
  `name` varchar(50) NOT NULL,
  `email` varchar(50) NOT NULL,
  `phone` varchar(10) NOT NULL,
  `dob` varchar(10) NOT NULL,
  `room` varchar(10) NOT NULL,
  `10per` varchar(5) NOT NULL,
  `10year` varchar(4) NOT NULL,
  `10board` varchar(50) NOT NULL,
  `12per` varchar(5) NOT NULL,
  `12year` varchar(4) NOT NULL,
  `12board` varchar(50) NOT NULL,
  `gradper` varchar(5) NOT NULL,
  `gradyear` varchar(4) NOT NULL,
  `graduni` varchar(50) NOT NULL,
  `mcacgpa` varchar(5) NOT NULL,
  `year` int(2) NOT NULL,
  `lastupdated` varchar(100) NOT NULL,
  PRIMARY KEY (`username`)
) ENGINE=InnoDB DEFAULT CHARSET=latin1;

--
-- Dumping data for table `stu_tbl`
--

INSERT INTO `stu_tbl` (`username`, `password`, `name`, `email`, `phone`, `dob`, `room`, `10per`, `10year`, `10board`, `12per`, `12year`, `12board`, `gradper`, `gradyear`, `graduni`, `mcacgpa`, `year`, `lastupdated`) VALUES
('2015PGCACA01', '$2y$10$3IlSpHFqKLmKzye4FZo8/ukL1GgzIimGw9Q6dBcwjtfcvJ7GNfsP.', 'Chandrima Jain', 'jainchandrima11.ghs@gmail.com', '7368917773', '1993-11-26', '1008', '57.6 ', '2010', 'ICSE', '60.5 ', '2012', 'ISC', '70.6', '2015', 'CSJM Kanpur University', '7.68', 3, 'Thursday 29th of June 2017 10:13:53 AM'),
('2015PGCACA02', '$2y$10$qmCM3ibPHu7I3RWTY80x8etwh3FnV1PkAa427Vwe0zUFf2u4U15ua', 'Chanchal Rai', '', '', '', '', '', '', '', '', '', '', '', '', '', '', 3, ''),
('2015PGCACA03', '$2y$10$RutHicPuBB.u40/Z.A5wBeFkc98ItbSyJATyq6LC02ctnMZU8jaAq', 'MD SADDAM HUSSAIN', 'saddam.jmi@gmail.com', '9334177926', '03/10/1992', 'B115', '85', '2008', 'CBSE', '62', '2011', 'Jamia Millia Islamia', '84', '2015', 'Patna University', '7.13', 3, 'Tuesday 4th of July 2017 06:56:52 PM'),
('2015PGCACA04', '$2y$10$fZH.lpCGhYvCVmPo0F4JkumjrPALSwuC8PsiZs70hO4CkVdTsHOQ.', 'Ruchi Kaur', 'ruchikaur268@gmail.com', '8676966493', '1996-02-10', '1010', '57', '2010', 'BSEB', '60', '2012', 'BSEB', '66.67', '2015', 'Magadh University', '6.19', 3, 'Friday 4th of August 2017 03:27:38 AM'),
('2015PGCACA05', '$2y$10$B4zLHEUggKw2njq8eNJrVu.2/E/MbBDxDNCmq8b2cVTNxbtFoMfQi', 'Surbhi Bharti', 'surbhibharti00@gmail.com', '7258019028', '1993-09-21', '1004', '9', '2010', 'CBSE', '74.8', '2012', 'CBSE', '63.96', '2015', 'St.Xavier''s College, Ranchi University', '8.13', 3, 'Tuesday 4th of July 2017 05:48:44 PM'),
('2015PGCACA06', '$2y$10$dS1/qg7WxvYRJlinQK41u.8WpFR7Ug12pQ6ukwZHeraecpje69Q/C', 'Manish Kumar Ram', '31manu94@gmail.com', '8541996181', '03-01-1994', 'B-116', '79.2', '2009', 'C.B.S.E.', '69.2', '2011', 'C.B.S.E.', '81.76', '2014', 'S.M.U.', '8.29', 3, 'Friday 30th of June 2017 07:48:46 PM'),
('2015PGCACA07', '$2y$10$JQqVV0SUPXZIXw3PvI4MYOScmZLLCj2hUWvxoXM8ddc/kMEA6WR.e', 'Rama Nand Sharma', '', '', '', '', '', '', '', '', '', '', '', '', '', '', 3, ''),
('2015PGCACA08', '$2y$10$QEP3KZqx8rj4nnphUqAbEu5ZluXKW15avdehi1Yqt6f.BwCqeRWJm', 'Harsh Deep Negi', 'negiharsh94@gmail.com', '9560756209', '1994-08-07', 'B-117', '7.8 ', '2010', 'CBSE', '66', '2012', 'CBSE', '77', '2015', 'GGSIPU', '7.85', 3, 'Tuesday 4th of July 2017 12:21:20 PM'),
('2015PGCACA09', '$2y$10$I9I3BPtIRzNbMOePVLKm9uLHWmg/DUhurYFR7PXSv0knJhSdm13Xa', 'Sweta Bharti', 'swetabharti874@gmail.com', '9973245473', '1994-11-20', '2016', '77.8', '2009', 'Jharkhand academic council  ', '60', '2011', 'Jharkhand academic council ', '7.76', '2014', 'KOLHAN UNIVERSITY ', '8.58', 3, 'Thursday 29th of June 2017 04:35:33 PM'),
('2015PGCACA10', '$2y$10$eQUSoUPRpUnG74dDUw6jwO/jATx68B/PvUZ6WSOaVx8gj5NZmkk2W', 'Kiran Kumari', 'karishmakiran2012@gmail.com', '9122386211', '1993-03-01', '1006', '68.5', '2009', 'CBSE', '74.6', '2011', 'BSEB', '78.62', '2014', 'MAGADH UNIVERSITY', '7.92', 3, 'Thursday 3rd of August 2017 10:12:57 PM'),
('2015PGCACA11', '$2y$10$fbhKjVe3u85A.j7R7bpF3e/EX0hVAxZEVwl8n5rjD9a4L66AtrFCq', 'Samriddhi Shukla', 'samrishukla@gmail.com', '9839311331', '1995-02-17', '1007', '64.83', '2009', 'U.P. Board', '79.2', '2011', 'U.P. Board', '64.56', '2015', 'Lucknow University', '8.71', 3, 'Friday 28th of July 2017 06:34:03 PM'),
('2015PGCACA12', '$2y$10$/s2h426MW1y.Xlyk/gfUn.zN8csAvN0mRBjOYwf/nHJg2fopu12am', 'Vaishali Singh', 'singhvaishali345@gmail.com', '9102105840', '1995-05-01', '1007', '83.83', '2010', 'UP', '80.4', '2012', 'UP', '65.73', '2015', 'Chhatrapati Shahu Ji Maharaj university ,Kanpur', '8.65', 3, 'Thursday 1st of June 2017 03:03:06 PM'),
('2015PGCACA13', '$2y$10$xevCic2NNzMdkfEGbLZGsuU07qzhzojo7lsysVAp77g/C4B526vVK', 'Pooja Jaiswal', 'pjais.nitjsr@gmail.com', '9386833104', '1995-02-28', '2016', '79.20', '2010', 'BSEB', '63.40', '2012', 'BSEB', '77.37', '2015', 'MAGADH UNIVERSITY', '7.79', 3, 'Sunday 4th of June 2017 10:40:41 AM'),
('2015PGCACA14', '$2y$10$5kJE9YvtyDxejMx3lHE.fO.otqH5fJQS.xG7TiPq1h0uHF7He/4XO', 'Neha', 'karnneha94@gmail.com', '7257074920', '1994-07-10', '1004', '57', '2009', 'U.P Board', '64.8', '2012', 'U.P Board', '63.58', '2015', 'C.S.J.M University', '7.71', 3, 'Friday 30th of June 2017 04:23:04 PM'),
('2015PGCACA15', '$2y$10$R69MOv4HLCKGw6vopHCkyOi8kL7Qokb7Buke8hYXjJVmHzDsD5AE6', 'Rohit Mishra', 'rohitmishra.rnc@gmail.com', '8797346727', '1994-02-02', '1003', '8.4', '2010', 'CBSE', '70.33', '2012', 'CBSE', '79.25', '2015', 'Ranchi University', '8.52', 3, 'Friday 4th of August 2017 06:59:26 PM'),
('2015PGCACA16', '$2y$10$.DDouF.yGhSKBCcnO8W9uuHw8krhsVHajN6epjX83KSbKy3xG6jYm', 'Rishiraj Mehta', 'rishiraj.nitjsr@gmail.com', '8603982929', '1994-10-17', 'D105', '82', '2009', 'JHARKHAND ACADEMIC COUNCIL', '48.6', '2011', 'JHARKHAND ACADEMIC COUNCIL', '76', '2015', 'NILAMBER PITAMBER UNIVERSITY', '7.23', 3, 'Sunday 2nd of July 2017 09:15:16 PM'),
('2015PGCACA17', '$2y$10$6xi5n3V.s02h90N5Y2ckEeOphghBihKzE8fXK/dEKdBEVV/pQGJLm', 'Deepa Rani', 'deepa.jsr13@gmail.com', '9031942219', '1993-12-12', '2011', '76', '2009', 'JAC', '61', '2011', 'JAC', '8.09', '2015', 'Deemed university', '8.39', 3, 'Thursday 29th of June 2017 02:41:00 PM'),
('2015PGCACA18', '$2y$10$2fqgo1W2OVx8UmWsIR8MjeSP7ljjN75IXDuuN3zL18RwukRCGsJLC', 'Praween Oraon', 'praweenoraon1804@gmail.com', '7782928066', '1994-04-18', 'C101', '67.4', '2009', 'JAC', '60.2', '2012', 'JAC', '69.38', '2015', 'Ranchi University', '6.56', 3, 'Saturday 1st of July 2017 12:07:32 AM'),
('2015PGCACA19', '$2y$10$tYk4yjrG2ySNTBtk.sxEEuySZsRCS3Df4KY6DawYxF2VYHA8WQ6fG', 'SHAMS TABREZ ALAM', 'shams8084@gmail.com', '8434991190', '1993-06-29', 'C-102', '64.1', '2008', 'JAC', '52.2', '2011', 'CBSE', '72.2', '2015', 'PTU', '7.00', 3, 'Thursday 29th of June 2017 12:30:59 AM'),
('2015PGCACA20', '$2y$10$A/skngdeOFxMti2s2UKxPOFWuTXcyMm4TRmCKW.OMNQf8lqeSushW', 'Gulam Ghaus Usmani', 'gulambit@gmail.com', '8797595410', '7 NOV 1992', 'C103', '83.33', '2009', 'CBSE', '74.8', '2011', 'CBSE', '76', '2015', 'BIT MESRA ', '7.36', 3, 'Saturday 15th of July 2017 02:48:53 PM'),
('2015PGCACA21', '$2y$10$3FjbnoM.FlS4qYxxnMGc0.QT5ngPt5Xyd2sxL17txv62oKd5e.DZm', 'Praveen Kumar Maurya', 'maurya.praveen94@gmail.com', '7273022004', '1994-07-06', '1004', '64.83', '2009', 'Uttar Pradesh', '65.6', '2011', 'Uttar Pradesh', '78.37', '2014', 'Punjab Technical University', '6.65', 3, 'Thursday 3rd of August 2017 08:42:46 PM'),
('2015PGCACA22', '$2y$10$2b2geHD/OrNtcy2tIb88l.XrT96MrbJYyFYIE/avXi6NlsnRS2yZO', 'Satish Kumar Singh', 'satish.22@outlook.com', '9334059760', '1992-11-05', '0000', '73.6', '2008', 'C.B.S.E', '64.4', '2010', 'C.B.S.E', '7.68', '2013', 'WEST BENGAL UNIVERSITY OF TECHNOLOGY', '7.58', 3, 'Friday 30th of June 2017 01:28:09 PM'),
('2015PGCACA23', '$2y$10$CbBN0viJfOFvYn8wmdA2EOa9mQ63gobgMQZK4NofP/c9UTD8saAFK', 'Bicki Kumar', 'vickie9386@gmail.com', '7004998959', '1993-05-04', 'C105', '72. 6', '2008', 'JHARKHAND ACADEMIC COUNCIL(JAC)', '62. 2', '2011', 'JHARKHAND ACADEMIC COUNCIL(JAC)', '75', '2015', 'RANCHI UNIVERSITY ', '7.69', 3, 'Thursday 3rd of August 2017 10:13:08 PM'),
('2015PGCACA24', '$2y$10$OKVgpQQjordO1I47CMX10uU9ZNl/w8GVd0cvVhamqOpQDIT1hynyy', 'Rajat Keserwani', 'kesharwanir193@gmail.com', '9889389050', '1994-04-03', '1005', '60', '2009', 'UP', '62', '2011', 'UP', '75', '2014', 'Punjab Technical University', '6.8', 3, 'Wednesday 2nd of August 2017 03:50:17 PM'),
('2015PGCACA25', '$2y$10$9hvTHx/1SwZTFjU7ZE/nHu5DtLSXhj2vevXdja5hfB9Ucj7pNUI1.', 'Aditya Prakash', 'prakashaditya59@gmail.com', '7870036362', '1994-02-07', 'b409', '87', '2009', 'CBSE', '69.60', '2011', 'CBSE', '63.50', '2014', 'kolhan university', '7.94', 3, 'Friday 30th of June 2017 05:52:38 PM'),
('2015PGCACA26', '$2y$10$TvosrS5/Kty/DBmSrIaH0u88cdUoc3WB6IiHwUzibG49uZk7HTbei', 'Amit Kumar', 'raj223061@gmail.com', '9097851057', '1995-01-06', 'B409', '71', '2010', 'Jharkhand acdemic council', '52', '2012', 'Jharkhand acdemic council', '65.60', '2015', 'ranchi university', '7.08', 3, 'Friday 30th of June 2017 11:44:48 AM'),
('2015PGCACA27', '$2y$10$ZLMnEyGmM8o4GQA9aa9FGOzAGOiJuxPadSASAHaA37YUmH4VF0oo.', 'Amit Kumar Maurya', 'amitnips007@gmail.com', '8434198071', '1991-06-09', 'D114', '62.66', '2007', 'UTTAR PRADESH BOARD', '56.8', '2009', 'UTTAR PRADESH BOARD', '73.31', '2013', 'Punjab Technical University', '6.79', 3, 'Tuesday 4th of July 2017 07:39:36 PM'),
('2015PGCACA28', '$2y$10$6reF7TXnusaMzZTwwYBWWeBvR4R5bji8Bqg5CnTtt.BY5WoTrxi0e', 'Nikhil Mishra', 'nm902001@gmail.com', '9470551920', '1995-02-11', 'C107', '52.33', '2010', 'UTTAR PRADESH BOARD', '55.8', '2012', 'UTTAR PRADESH BOARD', '71.84', '2015', 'Swami Vivekanand Subharti University', '7.65', 3, 'Friday 30th of June 2017 11:36:54 AM'),
('2015PGCACA29', '$2y$10$lfG1lH8R/0KTrWeVYxtLBOL3TFvdynrMSaGO327cfyNf0eaG5/N9y', 'Anupam Tripathi', 'anupam.shukla786@gmail.com', '9807526825', '1993-09-10', '1007', '53.4', '2008', 'CBSE', '60', '2010', 'CBSE', '69.96', '2014', 'SVSU, MEERUT', '7.73', 3, 'Wednesday 2nd of August 2017 01:47:42 PM'),
('2015PGCACA30', '$2y$10$NLhcPjpslE/2AcyUFY/otuIK35NsbjQgYxaKfjCdxZJZVslUoVt2e', 'Vipin Kumar Gupta', '', '', '', '', '', '', '', '', '', '', '', '', '', '', 3, ''),
('2015PGCACA31', '$2y$10$cHaU.XapIAY1woKC0/5IpukB5A86Uu4RI.npLbqmEIWIlEp4AUH5G', 'Rima Divyanshi', '', '', '', '', '', '', '', '', '', '', '', '', '', '', 3, ''),
('2015PGCACA32', '$2y$10$.fV9eTE2O5lq4Vd0drN5COI8YzId65ENN7gAmRm2omEbA6RS1PDJO', 'Ramachary Shukla', 'ramacharyshubham@gmail.com', '8210611974', '1994-07-05', 'C109 ', '45', '2008', 'UTTER PRADESH BOARD ', '52', '2011', 'UTTER PRADESH BOARD ', '69', '2015', 'MAHATMA GANDHI KASHI VIDYAPEETH VARANASI ', '5.89', 3, 'Wednesday 5th of July 2017 08:08:17 AM'),
('2015PGCACA33', '$2y$10$ya4crcftEwUZ6zOfShRrD.ZU1.mWay4fEQG8dttiIOIaSwGuJgoH2', 'Vivek Kumar', 'vivekkumar5501@gmail.com', '7004867294', '1994-10-12', 'HC-106', '66.66', '2010', 'BSEB', '70.4', '2012', 'CBSE', '66.96', '2015', 'SIKKIM MANIPAL UNIVERSITY', '6.50', 3, 'Friday 4th of August 2017 04:59:26 PM'),
('2015PGCACA34', '$2y$10$QlX9Qu/jv5XIlqXRK9WER.Yj.mKEXqvNLXajB/lkLN4Di4ZRmREIu', 'Prashant Seth Dungdung', 'munu.sethprashant1609@gmail.com', '8092537463', '1992-09-16', 'C112', '81', '2008', 'ICSE', '60.33', '2011', 'ICSE', '82.17', '2014', 'RANCHI UNIVERSITY', '7.63', 3, 'Saturday 1st of July 2017 12:09:52 AM'),
('2015PGCACA35', '$2y$10$hvtHNdZtFslsCaANqx6XtOpCXx/KjVdieRrvK0BMllF.2YxJ2pmI6', 'Shilpi Mahato', 'shilpi.mahato@gmail.com', '8578839131', '1991-02-01', '2013', '83', '2007', 'ICSE', '63.5', '2009', 'ISC', '65.16', '2013', 'Bangalore University', '6.7', 3, 'Friday 30th of June 2017 10:43:42 PM'),
('2015PGCACA36', '$2y$10$xaK.Hqiz2Os6CqOWgOpnB.gX2uWECyvI0c0GGHUWfTUcLDWyyDyAi', 'Sumit Kumar Das', 'kumarsumit6609@gmail.com', '9031936848', '19/03/1994', 'C-1006', '71', '2009', 'C.B.S.E, NEW DELHI', '54.2 ', '2011', 'J.A.C, RANCHI, JHARKHAND.', '74.05', '2015', 'S.K.M.U, DUMKA, JHARKHAND.', '7.77', 3, 'Thursday 3rd of August 2017 10:14:57 PM'),
('2015PGCACA37', '$2y$10$3MId.sCd1ANDJe.s89CaJe0CAUbv59FKjs.lhTHBlJzquQyfpM11G', 'Shashikant Nirala', 'skkant25@gmail.com', '7273882173', '1993-08-25', 'B406', '84.6', '2008', 'JAC', '69.2', '2011', 'JAC', '6.12', '2015', 'Banaras Hindu University', '7.33', 3, 'Thursday 29th of June 2017 10:16:35 PM'),
('2015PGCACA38', '$2y$10$wwST79H6UKxj3pki4Mrzzewvgk380XPdAO5lFXggNpBQAEXzBfv2e', 'Shashi Shekhar', 'shashi.shekhar225@gmail.com', '9570942247', '1995-01-08', 'C113', '77', '2010', 'Bihar school examination board', '73', '2012', 'Bihar school examination board', '76', '2015', 'Magadh university', '9.25', 3, 'Wednesday 28th of June 2017 10:06:02 PM'),
('2015PGCACA39', '$2y$10$zO5mAecyDlvp4KMeHi9Sp.L0ayYG0PTveglSVram2oHATluO3hkwi', 'Ashwani Singh', 'rrvapm@gmail.com', '9685913248', '1991-06-10', 'C-115', '70', '2007', 'MP BOARD', '73.8', '2009', 'MP BOARD', '74.33', '2013', 'Dr. Hari singh gour university', '7.08', 3, 'Tuesday 4th of July 2017 05:58:06 PM'),
('2015PGCACA40', '$2y$10$Du/Nfm5SnkdUrSZqDGePPeLYagIbc/EvV2oWAldKbJKdXPHO2JLM6', 'Anand Kumar', 'anand.sharma0510@gmail.com', '7903220596', '1994-10-05', 'c-116', '56.20', '2008', 'U.P. BOARD', '58', '2011', 'U.P. BOARD', '70.43', '2015', 'DR. HARI SINGH GAUR UNIVERSITY SAGAR (M.P.)', '7.81', 3, 'Wednesday 28th of June 2017 10:31:17 PM'),
('2015PGCACA41', '$2y$10$yzU0ofvAPgrTIslDSajjdeEVeYwrOtpibMsEjdweXNvubi9kGqlxG', 'Lalit Shivhare', '', '', '', '', '', '', '', '', '', '', '', '', '', '', 3, ''),
('2015PGCACA42', '$2y$10$Ytr1aPcbcmYbT9Ezhj5LVebIetIL7sXYKiVHMTizdz2HBPpFF3gH6', 'Kumari Kiran', 'kirantiwary94@gmail.com', '7361048341', '1994-03-25', '1007', '72', '2009', 'JAC,Jharkhand', '56.60', '2011', 'JAC,Jharkhand', '81.44', '2014', 'Kolhan University', '8.21', 3, 'Thursday 3rd of August 2017 10:04:17 PM'),
('2015PGCACA43', '$2y$10$6x1q0N3n2TcLu8R2chL.rO3RvvKZPVlKy3KcdxkyVvWYCHlBeFzVC', 'sumit ranjan', 'raviasdoga@gmail.com', '8934008866', '1992-09-09', 'C405', '44', '2006', 'CBSE', '68', '2009', 'UTTAR PRADESH BOARD', '60', '2013', 'Bharati Vidyapeeth Deemed University pune', '6.5', 3, 'Thursday 29th of June 2017 07:11:02 PM'),
('2015PGCACA44', '$2y$10$1/ONaY/TOkb67k69DJ8b7OZbiyCl2xx/zLNHEkV5ge.sjAQkNP5Fm', 'Nitesh Vishwakarma', 'nitesh182185048@gmail.com', '9470552911', '1993-10-20', 'None', '59', '2008', 'Uttar Pradesh Board', '59.40', '2010', 'Uttar Pradesh Board', '74.25', '2013', 'Punjab Technical University', '7.10', 3, 'Sunday 16th of July 2017 05:24:02 PM'),
('2015PGCACA45', '$2y$10$cq67uXjgxt5kObnCVt/n2ew7K/yEYDXqn1p3oBXazOjfJlPZEjSmG', 'Shubham Singh', 'subhamsinghnitjsr@gmail.com', '7643001769', '1994-07-07', 'NONE', '78.6', '2008', 'BOARD OF SECONDARY EDUCATION ,MADHYA PRADESH,BHOPA', '66', '2010', 'BOARD OF SECONDARY EDUCATION ,MADHYA PRADESH,BHOPA', '66.78', '2015', 'JIWAJI UNIVERSITY GWALIOR', '6.33', 3, 'Tuesday 4th of July 2017 07:59:03 PM'),
('2015PGCACA46', '$2y$10$BVYyV8u15V3RFSPvJpoIe.uoQP1ev/LFezzmXoP09/BttfZqIkRKm', 'Abhishek Sandil', 'ab.sandil@gmail.com', '9835448222', '08/07/1992', 'J119', '71.4', '2008', 'JAC Ranchi', '57.4', '2010', 'JAC Ranchi', '67.6', '2015', 'Kolhan University', '6.65', 3, 'Thursday 29th of June 2017 06:02:41 PM'),
('2015PGCACA47', '$2y$10$ghvkE25eakhjJdpCiELYN.86g3Ejcv5g/32rr90QIs0s.KrozEihS', 'Baby Purty', '', '', '', '', '', '', '', '', '', '', '', '', '', '', 3, ''),
('2015PGCACA48', '$2y$10$VW4dUogNI.gu5gZXiXqrWO1JRlzib5ekdauG4y8Q69XFtLV1g.d.y', 'Raj Ratan Munda', 'rajrtrj229@gmail.com', '8083963922', '1992-07-03', 'N/A', '56. 2', '2008', 'ICSE', '50', '2012', 'JHARKHAND ACADEMIC COUNCIL', '63.90', '2015', 'RANCHI UNIVERSITY', '6.17', 3, 'Tuesday 4th of July 2017 11:56:32 AM'),
('2015PGCACA49', '$2y$10$411Yw4USLP9YAnTfQkfKE.2A3iv8whwa9fC5NEvXP9de1aLPCVF5S', 'Ankita', 'ankitamunda5@gmail.com', '8969397887', '1993-11-06', 'B-1006', '6.0', '2010', 'CBSE', '59', '2012', 'CBSE', '68', '2015', 'Ranchi University', '6.0', 3, 'Friday 30th of June 2017 09:41:56 PM'),
('2015PGCACA50', '$2y$10$Z66aIi3ey8.p65v/RCykqu3YkQY7R7vdYwA4xZ5rb/4JLiuzVUbx2', 'Priya Chowdhury', '', '', '', '', '', '', '', '', '', '', '', '', '', '', 3, ''),
('2015PGCACA51', '$2y$10$2xhdtUB/tM.2NnnJ50s/RuKWy9ykUAowRBfMGInAzLWSRrtr4QKkO', 'Smriti Singh', '', '', '', '', '', '', '', '', '', '', '', '', '', '', 3, ''),
('2015PGCACA52', '$2y$10$VKq3Mxkb8l/TQanFrwq6BOixcupvGv4QCvTe1dEgKcJ40cfNfMHIu', 'Simmi Srivastava', 'simmi11srivastava@gmail.com', '9455389037', '1993-11-13', '1008', '75.4', '2009', 'C.B.S.E', '69.8', '2011', 'C.B.S.E', '74.86', '2015', 'S.V.S. University', '7.58', 3, 'Thursday 29th of June 2017 10:38:26 AM'),
('2015PGCACA53', '$2y$10$SsxYJ72GrJrbdRilT51G4OnAeSIJST.SRb617MZL3JwJ58RoJZfIS', 'Shivangi Asthana', 'shivangiasthana28@gmail.com', '7294164487', '1994-04-26', '1008', '7.6', '2010', 'CBSE', '81', '2012', 'NIOS', '69.56', '2015', 'SVSU , MEERUT', '7.19', 3, 'Thursday 29th of June 2017 11:30:39 AM'),
('2015PGCACA54', '$2y$10$m4z4LJQlWDgrb9ISaRaH8..tXJ8ajj..F1mhct4xWoo9l9KNubbmO', 'Mukesh Kumar', 'mkmukeshkumar892@gmail.com', '7739257579', '1992-07-12', 'HC1012', '80.40', '2009', 'Jharkhand Academic Council, Ranchi', '66.40', '2011', 'Jharkhand Academic Council, Ranchi', '75.73', '2014', 'Vinoba Bhave University, Hazaribag', '9.67', 3, 'Thursday 3rd of August 2017 10:16:19 PM'),
('2015PGCACA55', '$2y$10$mi6LhVLOYJnpe7DQ/pXig.vJvTSlDR8cQ8RPvCQ9fZpikRNEdG1q2', 'Deepak Kumar', 'deepakjsr98@gmail.com', '7903764703', '1992-10-01', 'D102', '66.16', '2007', 'UP BOARD', '68.88', '2009', 'UP BOARD', '60.66', '2013', 'DR. BR AMBEDKAR UNIVERSITY, AGRA ', '7.27', 3, 'Friday 4th of August 2017 06:25:42 PM'),
('2015PGCACA56', '$2y$10$2PDOqwNsE8dqhb9Zjyq2tOtf9RTs3du7tzhVvIkr0vFZ96ZKFCKRC', 'Amit Sumiran Tigga', '', '', '', '', '', '', '', '', '', '', '', '', '', '', 3, ''),
('2015PGCACA57', '$2y$10$nBYcvhPCKAizBrpw7Gog2e8Fte4wt8bgdMXQzu908e/lHhZ1BViyW', 'Deepika Jain', 'depeeka.jain@gmail.com', '7209258780', '1993-08-06', '2013', '82.7', '2010', 'ICSE', '91', '2012', 'ISC', '69', '2015', 'SAMBALPUR UNIVERSITY', '8.42', 3, 'Friday 30th of June 2017 06:29:13 PM'),
('2015PGCACA59', '$2y$10$A.6Ws4sbbGF3a37LzQhNE.CgATBHkrOPhNXccePQB4HA4EoLhwu4C', 'Suchitra Kumari Mahato', 'soochimahto@gmail.com', '8092320232', '1992-07-04', '2018', '79.8', '2009', 'cbse', '83.6', '2011', 'cbse', '79.83', '2015', 'kolhan university', '8.5', 3, 'Friday 30th of June 2017 11:36:00 AM'),
('2015PGCACA60', '$2y$10$5IHIqRq21jV21.yPB9aWX.1QxrYK/mZiXlghY00HAqA1xQdq75vMm', 'Chandan Saha', 'chandan1994saha@gmail.com', '8172040484', '1994-04-18', 'HC1013', '63.75', '2010', 'W.B.B.S.E', '69.75', '2012', 'W.B.C.H.S.E', '65.03', '2015', 'UNIVERSITY OF BURDWAN', '7.54', 3, 'Friday 28th of July 2017 02:16:07 PM'),
('2015PGCACA61', '$2y$10$X6DkQ/8wIm16dYUH/R1NpezXIqNfMC2AIxF8gRMHoG1jADWHTDrHO', 'Gayatri Verma', '', '', '', '', '', '', '', '', '', '', '', '', '', '', 3, ''),
('2015PGCACA62', '$2y$10$q.nziibrQIshgI3zV01E.OkEK7VEk8jK9dwvsIZXjD0u9TjR7Iac.', 'Raman Dwivedi', '', '', '', '', '', '', '', '', '', '', '', '', '', '', 3, ''),
('2015PGCACA63', '$2y$10$9bh8RncBfUWDGRWnUyJ68eY68cYR3mWb1lcqJ9clR0gYF.Wp/McpC', 'Pushkar Kumar', 'pushkarkumar638@gmail.com', '7070523323', '1993-12-22', 'HC1014', '63.2', '2009', 'BIHAR SCHOOL EXAMINATION BOARD', '55.8', '2011', 'BIHAR SCHOOL EXAMINATION BOARD', '65.26', '2015', 'MAGADH UNIVERSITY', '5.98', 3, 'Sunday 30th of July 2017 05:11:07 PM'),
('2015PGCACA64', '$2y$10$cQ8dz0i85iIKu5rmwFEFAeQncwYC70X3YHlWUWK8omgdqNNWwk.qC', 'Shikha Kumari', 'shikha2017@gmail.com', '7677253865', '1994-04-05', '2011', '7.6', '2010', 'CBSE', '66.4', '2012', 'BSEB', '81.83', '2015', 'PATNA UNIVERSITY', '7.31', 3, 'Friday 30th of June 2017 04:39:10 PM'),
('2015PGCACA65', '$2y$10$1X/IK6WZe1G0HzjkhBxuuehUqVUog/72taeVjtZt6TAufb01/xzo2', 'Agam Kumar Roy', '', '', '', '', '', '', '', '', '', '', '', '', '', '', 3, ''),
('2015PGCACA67', '$2y$10$4sfCYPQecKSSg/WEKNzvr.6afBRtiZkeqljNSaMP12chczy/QwXmm', 'Neetu Gupta', 'niitu.delhi@gmail.com', '9250304185', '1993-12-21', '2012', '73', '2009', 'C.B.S.E', '62.66', '2011', 'C.B.S.E', '69.8', '2014', 'DELHI UNIVERSITY', '8.06', 3, 'Friday 14th of April 2017 10:37:30 PM'),
('2015PGCACA68', '$2y$10$vmlbMN4rQLBCz9l8KkjM9OXQkIVG5FmzrBseLCc1EZbMSXXJYFwbO', 'Ashutosh Pandey', '05ashutoshpandey@gmail.com', '9934048881', '1994-08-05', 'd-106', '66.33', '2009', 'Uttar Pradesh', '65', '2011', 'Uttar Pradesh', '74.3', '2015', 'Punjab Technical University', '7.34', 3, 'Saturday 5th of August 2017 03:45:06 PM'),
('2015PGCACA69', '$2y$10$qqPmgdxRRdJjxoLqmGl51uv.T9SvS9Z/erA5sE8AhpY9QZb5V8/PO', 'Vibha Pal', 'palvibha12081994@gmail.com', '7273004800', '1994-08-12', 'HB2012', '62', '2009', 'U.P. BOARD', '66', '2011', 'U.P.BOARD', '60.22', '2015', 'C.S.J.M. University,kanpur', '7.31', 3, 'Wednesday 28th of June 2017 09:54:09 PM'),
('2015PGCACA70', '$2y$10$OQBmcwdLSRNufbwqWxp1hOcBCzfdckLRiBYw04fcrjwi0EpQwMVJ.', 'Chandralok Kumar', 'chandralok.nitjsr@gmail.com', '8877150621', '1994-05-02', 'D-107', '72.80', '2008', 'JHARKHAND ACADEMIC COUNCIL RANCHI', '52.60', '2010', 'JHARKHAND ACADEMIC COUNCIL RANCHI', '74.00', '2014', 'SIDO KANHU MURMU UNIVERSITY DUMKA', '7.44', 3, 'Friday 30th of June 2017 10:32:13 AM'),
('2015PGCACA71', '$2y$10$ElM6Z2bmarG7DUgDtzapp.E3aygIGWacRAuKnPTCTlsfvn4cCcrnK', 'Vishal Khare', 'vishalkhare39@gmail.com', '7319706481', '1994-05-27', 'D-108', '86', '2009', 'CBSE', '76', '2014', 'CBSE', '69', '2014', 'Delhi University', '7.92', 3, 'Friday 28th of July 2017 02:54:01 PM'),
('2015PGCACA72', '$2y$10$laB7qPvoGCfQdPiu5vEdAuTe2jzok9W2BMgmVwAyUL7fQuuanYCuO', 'Dileep Kumar Tiwari', 'dileeptiwari173@gmail.com', '8757674278', '1995-02-25', '1015', '69.6', '2010', 'JAC', '60', '2012', 'JAC', '69.5', '2015', 'RANCHI UNIVERSITY', '7.48', 3, 'Tuesday 15th of August 2017 01:49:21 AM'),
('2015PGCACA73', '$2y$10$qZb2S.LAcmsNbKAP9Pf4R.mH7MC.rVDSu82BftEvMe6vqTmnHN/m2', 'Jitu Lodhi ', 'jeetulodhi94@gmail.com', '7294169040', '05-07-1994', 'D111', '55', '2008', 'up board', '78.80', '2010', 'up board', '66.59', '2013', 'mjpru bareilly', '7.75', 3, 'Saturday 29th of July 2017 01:24:21 PM'),
('2015PGCACA74', '$2y$10$nsb7/ZgWJSEWvmrkse6KhuZRgcp6B5a2c/tLzM/./SfhIPL2kkO9S', 'Rohit Kumar Sinha', 'rohitdec7147@gmail.com', '9570453145', '1993-12-13', 'D112', '70.8', '2009', 'CBSE', '74', '2011', 'CBSE', '66', '2015', 'Ranchi University', '8.15', 3, 'Friday 30th of June 2017 10:23:39 AM'),
('2015PGCACA75', '$2y$10$AIG0HNrcpIEJDYkK9ltUC.aRdLLAB1jh8z8oosGVJ5.TSELFzUOCO', 'KM Bhawana', 'bhawana415@gmail.com', '9097002495', '1995-07-01', '2012', '69.67', '2009', 'UP Board', '68', '2011', 'UP Board', '61.18', '2014', 'Mahatma Jyotiba Phule Rohilkhand University  Barei', '7.02', 3, 'Thursday 29th of June 2017 07:02:54 PM'),
('2015PGCACA76', '$2y$10$s31K8EbiVULyQfV5MupZ3ulOvXxSxhRqwxNGsBEF6.hrexBs0ZiuO', 'Vidyanand Singh', 'vidyanand014@gmail.com', '8002993032', '1991-07-14', 'C-1012', '55.8', '2008', 'B.S.E.B PATNA', '57', '2010', 'B.S.E.B PATNA', '62', '2013', 'veer kunwar singh university Ara', '6.01', 3, 'Saturday 5th of August 2017 11:15:09 PM'),
('2015PGCACA77', '$2y$10$D59O5DC9FjaQToRTJZrlqetDnFCrtqvT2jpsxivfdZS1bptv.NlCO', 'Deepika Paliwal', 'deepikaiitn@gmail.com', '8986648759', '1995-04-30', '1006', '6.8', '2010', 'C.B.S.E', '78.2', '2012', 'M.P Board', '73.58', '2015', 'SNDT Women’s University', '7.92', 3, 'Friday 30th of June 2017 03:59:20 PM'),
('2015PGCACA78', '$2y$10$dLZE806zOWapWcTPbtODLuhLbGhk4ySK20166eHS283SPVsXpOIue', 'Kriti Duggal', 'duggalkriti94@gmail.com', '7294169392', '1994-09-29', '2013', '91', '2010', 'ICSE', '93.5', '2012', 'ISC', '80.60', '2015', 'ST. XAVIER''S COLLEGE(AUTONOMOUS)', '9.0', 3, 'Saturday 15th of July 2017 11:56:04 AM'),
('2015PGCACA79', '$2y$10$zJbqIM.nkyuiv/dB9KwtuOBa1PiUHssI8qW1rRsfNROLoY6HYn67G', 'Sourav Chongrey', '', '', '', '', '', '', '', '', '', '', '', '', '', '', 3, ''),
('2015PGCACA80', '$2y$10$xeWci.mllbzk/hrQNAzXhuba/23PBcn0cTvTgMppoFdhGT.esJgq2', 'Nisha Bhardwaj', 'nishanit1518@gmail.com', '9031768552', '1993-11-22', '2019', '72', '2009', 'CBSE', '62', '2011', 'CBSE', '64', '2014', 'KOLHAN', '7.4', 3, 'Tuesday 4th of July 2017 09:54:56 PM'),
('2015PGCACA81', '$2y$10$YO5oVC8I3bg5YwxrcIABauuITN9DdwR4X6cp2qgNgFwZ/40kXdp86', 'Sany Rawat', 'sanyrawat@gmail.com', '9415005761', '10/07/1993', 'C106', '57.17', '2008', 'U P BOARD', '70.4', '2010', 'U P BOARD', '77.57', '2014', 'PUNJAB TECHNICAL UNIVERSITY', '6.98', 3, 'Tuesday 4th of July 2017 12:10:18 PM'),
('2015PGCACA82', '$2y$10$eHzVUxlIeFoMzgztgAhzZ.TDKFypeDGoSele4RsKAdEExtKqaHZba', 'Roma Kumari', 'romakmr8@gmail.com', '8092366220', '1994-08-22', '2011', '8.6', '2010', 'CBSE', '72.2', '2012', 'CBSE', '77.94', '2015', 'kolhan university', '7.83', 3, 'Wednesday 5th of July 2017 11:11:59 AM'),
('2016PGCACA01', '$2y$10$9FPLvm6VyPi5HqjzOXzsY.R6/KLdDC/1RSozFv0XZI4QS2CvDLWEu', 'Pranav Kumar Singh', '', '', '', '', '', '', '', '', '', '', '', '', '', '', 2, ''),
('2016PGCACA02', '$2y$10$rEX4JbTiQOqc5Je8LJLbwO9ObaLzvL5zu/pyOxUzCcxTMtKP5F1M.', 'Swati Gupta', '', '', '', '', '', '', '', '', '', '', '', '', '', '', 2, ''),
('2016PGCACA03', '$2y$10$Xxj7ujKd7fC2dhiAPYmaBepKXo68VxoHpswXNFv9BgytJdmzeuIBm', 'SUJATA JENA', '', '', '', '', '', '', '', '', '', '', '', '', '', '', 2, ''),
('2016PGCACA04', '$2y$10$OiGT4dJIY4WuoOLRGQTZke9vvoqYhCnoEkxSScsSAmWqyeAsErr7.', 'Ravi Ketan', 'ravikumar.2402.rk@gmail.com', '7870187991', '1995-09-24', 'c-1017', '9.4', '2011', 'C.B.S.E.', '69', '2013', 'C.B.S.E.', '67.2', '2016', 'Magadh University', '8.25', 2, 'Friday 28th of July 2017 04:09:19 PM'),
('2016PGCACA05', '$2y$10$lcKeFPDgjsvk0v6yJYRTPutCBypbHRb6BVtfzAjE2sZ.blDe8RrY6', 'Murari Kumar', '', '', '', '', '', '', '', '', '', '', '', '', '', '', 2, ''),
('2016PGCACA06', '$2y$10$xsR4k9mapTn.WPKR27MRPuWHovaSQLpUEwywhfgov5/kZOkDjnUua', 'Ravi Kumar', '', '', '', '', '', '', '', '', '', '', '', '', '', '', 2, ''),
('2016PGCACA07', '$2y$10$A0lTV/HKCxdVmvVEjzUz2OLlX4e4xuZ0Ie9PqiuRnkx8paVA13VIG', 'Satyam mishra', '', '', '', '', '', '', '', '', '', '', '', '', '', '', 2, ''),
('2016PGCACA08', '$2y$10$ePZFDLy5mVuiqdej5VTq8uAuGWO3.EpKT.0D5WiZJWvImuzcKSWaC', 'Kundan kumar', '', '', '', '', '', '', '', '', '', '', '', '', '', '', 2, ''),
('2016PGCACA09', '$2y$10$LE/khWDDPbgw82rw3wG.Ze57eHvUIoGH1S4tVQwBGPKsucgVOlIeK', 'Manisha Srivastava', '', '', '', '', '', '', '', '', '', '', '', '', '', '', 2, ''),
('2016PGCACA10', '$2y$10$YdoNoaAhF5R0/IchT4d1hu6j07I1V2UNAvquMDEZnTtBDU6EBnbru', 'Aman kumar', 'ak1677701@gmail.com', '9546001269', '1994-03-23', 'C1019', '81.3', '2010', 'C.B.S.E', '67.3', '2012', 'B.S.E.B Patna', '69.3', '2015', 'V.K.S.U Ara', '6.54', 2, 'Friday 28th of July 2017 03:02:32 PM'),
('2016PGCACA11', '$2y$10$PSBgdlumgitluXxm5cvlEuQTBQxZZMiO1AhC7SbK36dWcX4Hl3b1i', 'Prasun Kumar', '', '', '', '', '', '', '', '', '', '', '', '', '', '', 2, ''),
('2016PGCACA12', '$2y$10$XypKxKEvunIDYawlVKlcBOAd1Tny5tkXW2vNQMLYkl/cjhI.W0io6', 'Hrishikesh Kumar', 'hrishikesh.pandey9955@gmail.com', '7631728049', '1996-01-04', 'C-1019', '81.8', '2010', 'B.S.E.B.', '73.2', '2012', 'B.S.E.B.', '74.13', '2016', 'Magadh University', '7.38', 2, 'Friday 28th of July 2017 03:05:26 PM'),
('2016PGCACA13', '$2y$10$G5WbC8IaDktUyMPfF1ulGOWgxe6dwcVm62Ehb/pntA88zCVXl5INq', 'Prashant Singh', '', '', '', '', '', '', '', '', '', '', '', '', '', '', 2, ''),
('2016PGCACA14', '$2y$10$odWnrjLL5.RFzlyI9xn/x.ANhdeDlI4DGrPItScTrtlkfitqzvDJG', 'Sandeep Kumar Yadav', 'sandeepyadavmzp012@gmail.com', '9044760841', '1995-02-20', 'HC1020', '42.83', '2010', 'U.P.BOARD', '61.4', '2012', 'U.P.BOARD', '7.13', '2015', 'SHOBHIT UNIVERSITY', '5.65', 2, 'Friday 28th of July 2017 06:47:33 PM'),
('2016PGCACA15', '$2y$10$wojVphd51heDk46KSlY10.bnGjhMHzNEYyHLPig0oWrQytc7om79a', 'Raushan kumar', '', '', '', '', '', '', '', '', '', '', '', '', '', '', 2, ''),
('2016PGCACA16', '$2y$10$arzCPxtZj1.QFoHwFgLSVeQ4w/aB1fC3ywr7V.8Z6Fh2thO.2B1TC', 'Anirudh saxena', 'anirudh.nit2016@gmail.com', '7014153208', '1994-02-21', 'HC2001', '7.6 ', '2010', 'C.B.S.E', '63.6', '2012', 'C.B.S.E', '83.66', '2015', 'University Of Kota', '8.29', 2, 'Friday 28th of July 2017 04:59:24 PM'),
('2016PGCACA17', '$2y$10$tsqxlf7Tn95s6tGS9QToy.7XN/bhLkcK/f2PmnFkWG/BJPrs8fa3m', 'Akash Gupta', 'nitjsr.akash@gmail.com', '9407546977', '1991-10-20', '2001', '71.82', '2010', 'MADHYA PRADESH', '72.6', '2012', 'MADHYA PRADESH', '65.32', '2015', 'JIWAJI UNIVERSITY', '7.29', 2, 'Sunday 30th of July 2017 03:47:42 PM'),
('2016PGCACA18', '$2y$10$e.hbtGAeufd8kWkvdXD2buvgs7eku1CgtRsxjPa3u4EOvPwcXiXNG', 'Pawan kumar', '', '', '', '', '', '', '', '', '', '', '', '', '', '', 2, ''),
('2016PGCACA19', '$2y$10$Gn5ORzGNrInJc7TzpufHruPhm/.LoH1faZah2SKx4cWB3P2v../Vm', 'RUKHSAR KAUSER', '', '', '', '', '', '', '', '', '', '', '', '', '', '', 2, ''),
('2016PGCACA20', '$2y$10$VUW6ej1WkV8YvYh5TPzTfed2WLhRPj9YlTAoWuwhh.LSbvS2OSUi6', 'NEERAJ RAJ', 'neerajnitjsr2`0@gmail.com', '9939831104', '1994-11-13', '2002', '8.26', '2010', 'JAC', '67.2', '2012', 'CBSE', '8.3', '2016', 'BIRLA INSTITUTE OF TECHNOLY,MESRA ,RANCHI ', '8.4', 2, 'Friday 28th of July 2017 04:56:29 PM'),
('2016PGCACA21', '$2y$10$SSEmke3UrUCRVqut7B.bNeFir.7WSbmPndcGfW1HAYwCOkNBFhj7.', 'Shikha Dwivedi', 'cadet.shikha@gmail.com', '7549400727', '29-09-1995', '1004', '08.0', '2010', 'C.B.S.E', '70.4', '2012', 'C.B.S.E', '61.38', '2015', 'C.S.J.M University', '8.42', 2, 'Friday 28th of July 2017 06:54:03 PM'),
('2016PGCACA23', '$2y$10$6g.RotR3J9tqgCEnr4yzR.5VyO.gvwIzeOfEal1GdH4lFLt32fX2W', 'MANISHA BIRULI', '', '', '', '', '', '', '', '', '', '', '', '', '', '', 2, ''),
('2016PGCACA24', '$2y$10$a3SI0a0MBpO8cyWRJ.PBge94jJzuephOqTL.wtuQjX7..pY2zapea', 'Aman porwal', 'jainamuporwal1995@gmail.com', '9131549017', '02/06/1995', '2002', '6.6', '2011', 'C.B.S.E', '63.2', '2013', 'C.B.S.E', '75.5', '2016', 'M.L.S.U (raj)', '7.0', 2, 'Friday 28th of July 2017 04:07:37 PM'),
('2016PGCACA25', '$2y$10$317uNSaP/tL6jkJDDiZY6Od3FLOFCyogd3WyxqkVG3ZB3IPW6Vwui', 'Akashdeep shukla ', 'akashdeepshukla007@gamil.com', '7844066445', '10/07/1996', '2002', '81', '2011', 'UP', '87.6', '2013', 'UP', '65.5', '2016', 'CSJM', '7.7', 2, 'Friday 28th of July 2017 02:58:25 PM'),
('2016PGCACA26', '$2y$10$6kLJmC3DBTO0QfJkPCqh8.abhda.sdWoC6w/7EeJ2dolokcwA0Zq2', 'Ayush partani', 'ayushpartani11@gmail.com', '9754900586', '1995-05-29', '2003 ', '59', '2011', 'mp board', '64', '2013', 'mp board', '69', '2016', 'davv university indore', '7.3', 2, 'Friday 28th of July 2017 08:03:30 PM'),
('2016PGCACA27', '$2y$10$./sSLq2YQNosL3ssACHqDu9z9RYH3EV1/nFqk6MQZo9TJ1wZzzdD6', 'Tarun sharma', '', '', '', '', '', '', '', '', '', '', '', '', '', '', 2, ''),
('2016PGCACA29', '$2y$10$uLTwLo5MqhFyt67x5isqSemph8d01GGRR0VZX6uEdcu6HCi5zt0ty', 'Gautam barfa', 'barfagautam@gmail.com', '7898804453', '1995-04-24', 'C-2004', '59.33', '2010', 'MP BOARD', '56', '2012', 'MP BOARD', '62', '2016', 'D.A.V.V', '5.67', 2, 'Friday 28th of July 2017 07:51:58 PM'),
('2016PGCACA30', '$2y$10$dvvuzrU/rI7d7KE00kHZGO2KE2z1Sf49rbHEl9ZVgIyZICNVAeC2W', 'ANURAG RASTOGI', '', '', '', '', '', '', '', '', '', '', '', '', '', '', 2, ''),
('2016PGCACA31', '$2y$10$iWje6Mkip5UxT2y01MzkoupOaSAjy7t1f0kH7Z33UtIv51f/.6lk6', 'Kanika Parnami', '', '', '', '', '', '', '', '', '', '', '', '', '', '', 2, ''),
('2016PGCACA32', '$2y$10$gJV1evQd9nFg.KwhGWHKgesNlcOlTUaz9eYinXBgViQHX1Mb4ATxK', 'Kajal kesharwani', 'kajalkesharwani01@gmail.com', '9670570577', '09/07/1996', '1012', '71', '2011', 'U.P.', '88.4', '2013', 'U.P.', '61.18', '2016', 'IGNOU', '7.83', 2, 'Friday 28th of July 2017 06:53:36 PM'),
('2016PGCACA33', '$2y$10$Vz/UlkwofSCwcBVgkARQiuyFMa6nKFbiitl5w1soXK/CdtSfLCq5m', 'Neha rai', 'neha.rai.8620@gmail.com', '7283036997', '1994-04-03', '1012', '81', '2010', 'M.p.', '83', '2012', 'M.p.', '65', '2016', 'DAVV', '6.67', 2, 'Friday 28th of July 2017 06:19:09 PM'),
('2016PGCACA34', '$2y$10$DgAneNj1heHE8eYROtHn4OXA/iOtZzTf4OWzj6Vw4n5tGQJzGCZjW', 'ATUL BIHARI', 'atulbihari94@gmail.com', '7633819451', '1994-05-10', 'C-2004', '61.2', '2009', 'BSEB,PATNA', '71.6', '2012', 'BSEB,PATNA', '73.93', '2015', 'B.R.AMBEDKAR BIHAR UNIVERSITY,MUZAFFARPUR', '7.38', 2, 'Friday 28th of July 2017 06:35:48 PM'),
('2016PGCACA35', '$2y$10$zhTn5wHLIVej9ycoazcTOOTXNs.nPzFiP.Y.54eNjC6fkBwgN/53S', 'Himanshu sharma', 'himanshu240208@gmail.com', '8290525000', '1995-05-25', '2005', '66.67', '2010', 'RAJASTHAN BOARD', '69.03', '2012', 'RAJASTHAN BOARD', '68.83', '2015', 'UNIVERSITY OF RAJASTHAN', '6.83', 2, 'Friday 28th of July 2017 03:02:01 PM'),
('2016PGCACA36', '$2y$10$ai5FKgEEf.m41CTIgGzL2OC4Pygm1sKkT8f3cbbgUin6Um0bC4Pqa', 'Archna upadhyay', 'archna1636@gmail.com', '9415374979', '1997-05-16', '1012', '61.00', '2011', 'U.p.', '73.62', '2013', 'U.P.', '62.25', '2016', 'IGNOU', '7.25', 2, 'Friday 28th of July 2017 04:20:51 PM'),
('2016PGCACA37', '$2y$10$P2fX81vkGZ5H4Pjzvj7.s.oZ4klX3wx/rMJ6QWE.I2p8vTRpOxo/O', 'Shailendra pratap singh', 'shailendra9292@gmail.com', '8765190829', '1992-02-09', 'C-2005', '65.00', '2006', 'C.B.S.E.', '67.20', '2008', 'C.B.S.E.', '71.98', '2011', 'Integral University, Lucknow', '7.79', 2, 'Friday 28th of July 2017 04:10:59 PM'),
('2016PGCACA38', '$2y$10$08xZ8W2rrcqqzS2ab6zinOsiBCFKrVsrnQrNra5xZImRQNNpK3Dkm', 'Sarthak Bhardwaj', 'sarthak.bhardwaj@gmail.com', '9811733732', '1994-03-18', '2005', '89.3', '2010', 'CBSE', '89.0', '2012', 'CBSE', '73.0', '2015', 'university of delhi', '7.79', 2, 'Friday 28th of July 2017 04:25:13 PM'),
('2016PGCACA39', '$2y$10$oIre49mAuD3Ci2fwKah1L.PgArtRbOytMIKBm1Uw7MMjAnXnhZwQi', 'ASIF HUSSAIN', 'asifmcanitjsr2016@gmail.com', '9931081598', '1991-11-06', 'C-2006', '59.80', '2007', 'B.S.E.B', '57.80', '2009', 'B.S.E.B', '73.80', '2013', 'veer kunwar singh university', '7.04', 2, 'Friday 28th of July 2017 04:28:44 PM'),
('2016PGCACA41', '$2y$10$kmVUFzYpd0giWaV9IalWeufT7xxAo1ADEfmM8EP6XT1L9n.55P5nW', 'Karan Shakya', 'karanshakya7275@gmail.com', '8808074349', '1994-07-15', '2006', '49', '2010', 'U.P Board', '45', '2012', 'U.P Board', '60', '2015', 'Kanpur University', '5.7', 2, 'Friday 28th of July 2017 10:09:00 PM'),
('2016PGCACA42', '$2y$10$dCK5V4ldlshHZQyrIiRBUuAdxkd04xsY745Ln7q2td4OFxjHCYFcG', 'Akshay Tiwari', 'akshaytiwari719@gmail.com', '8989713354', '1993-06-11', 'HC2007', '59.5', '2009', 'MP Board', '70.2', '2011', 'MP Board', '63.7', '2015', 'Dr. H. S. Gour University sagar, Madhyapradesh', '6.5', 2, 'Friday 28th of July 2017 10:42:49 PM'),
('2016PGCACA43', '$2y$10$hJMxD8sWC/hUrV.pUNqDkeeF55VqHTNCv5xQIr9w25fNB8ajoTSUK', 'Sachin kumar', 'sachinkumar97280@gmail.com', '9728036720', '1995-04-24', 'HC2007', '75.8', '2009', 'B.S.E.H', '70.6', '2011', 'B.S.E.H', '60.9', '2015', 'M.D.U ROHTAK', '7.00', 2, 'Friday 28th of July 2017 08:24:00 PM'),
('2016PGCACA44', '$2y$10$r16FssN.f5.zWGbdyb/dl.NezDVDMbO3pryxn4zqWlwPyAnm9TlzW', 'Sushil Kumar Munda', '', '', '', '', '', '', '', '', '', '', '', '', '', '', 2, ''),
('2016PGCACA45', '$2y$10$fYo6UbG05PP1frbsW6hiZOCWtoazOr4Xcjn6Wq.bJKrxCyM8vX9B2', 'Harendra Kumar yadav', '', '', '', '', '', '', '', '', '', '', '', '', '', '', 2, ''),
('2016PGCACA46', '$2y$10$EBwRu/qsfyiyrC1.mlnesuYWBFIrErqO2cReFtqOUeMy45tskjUuS', 'Priyanshu Rastogi', 'rastogi.fresh88@gmail.com', '9458668721', '1995-01-23', 'C-2008', '8.8', '2011', 'C.B.S.E', '89.4', '2013', 'C.B.S.E', '74.00', '2016', 'Chaudhary  Charan Singh University', '8.17', 2, 'Friday 28th of July 2017 04:33:09 PM'),
('2016PGCACA47', '$2y$10$/TT9dlH3dyIP0tt4rwkJ6uU98vfN93JPjqiYGCrUqdZ.FiO3L5C2C', 'Shatru prakash patel', 'prakashshatru@gmail.com', '7376343380', '1995-08-18', '2008', '56', '2009', 'UP Board', '55', '2011', 'UP Board', '67.57', '2015', 'Mahatma Gandhi Kashi Vidyapeeth varanasi', '7.9', 2, 'Friday 28th of July 2017 05:05:57 PM'),
('2016PGCACA48', '$2y$10$1t0poQRoJonk5p86OJm5h.oWL8SgDnBOnIFiNP2qtk860sDwH4Fum', 'Shruti Sharma', '', '', '', '', '', '', '', '', '', '', '', '', '', '', 2, ''),
('2016PGCACA49', '$2y$10$0vRLcf/bq5VCWFamJNsCo.qp16FPkydFad4DwLyNKkUnXrEKBS0uq', 'Nandini Sona', '', '', '', '', '', '', '', '', '', '', '', '', '', '', 2, ''),
('2016PGCACA50', '$2y$10$lBJvveIeF0jPwh8ODeaRpOi5Fn4lRkWR9Et3TS7VfznuStrJ85JsS', 'Prem Prakash Tiwary', '', '', '', '', '', '', '', '', '', '', '', '', '', '', 2, ''),
('2016PGCACA51', '$2y$10$Xdo2u.ymhfrSgmRL.yTojOQyd.AxAFIC6u52y/dnD2ydSMvJ.Gbji', 'ABhishek Sharma', '', '', '', '', '', '', '', '', '', '', '', '', '', '', 2, ''),
('2016PGCACA52', '$2y$10$0qSJQTcrZhkA6imdrBTHSea9J2uOqa.hkSWJRE.RC0eRYDxnZA/My', 'SAURABH KUMAR', 'srkchougurji111@gmail.com', '9997799387', '1994-06-16', 'HC2009', '60', '2009', 'U.P BOARD', '68', '2011', 'U.P BOARD', '69.2', '2015', 'CSJM', '6.96', 2, 'Friday 28th of July 2017 05:16:58 PM'),
('2016PGCACA53', '$2y$10$rE7El9PUpYkr/1hBwEA9VuCSsVDFKiCc2pIwPj8XAni7.Onv9SMBG', 'RESHMA XALXO', '', '', '', '', '', '', '', '', '', '', '', '', '', '', 2, ''),
('2016PGCACA54', '$2y$10$g7nKTjwlbc6DzmD9N12Jk.KLKUVpvkwGkBE7kTXU0OrhJ69D8i4nG', 'Kamal Dev', 'devkamal833@gmail.com', '9646550209', '1993-04-27', 'HC2010', '60.2', '2009', 'C.B.S.E', '68.8', '2011', 'C.B.S.E', '58.79', '2015', 'PANJAB UNIVERSITY', '5.89', 2, 'Friday 28th of July 2017 07:04:46 PM'),
('2016PGCACA55', '$2y$10$dXhGxXL18HWCoEtsHC.9AO6cjYyhpKpElHI9jYYYSV6LaR64gSUdm', 'Pooja raj', '', '', '', '', '', '', '', '', '', '', '', '', '', '', 2, ''),
('2016PGCACA56', '$2y$10$MxOsN86ca/GyZS0.oyF37.zHmNmxNphlznv8931zcIXKeNZ8cya8a', 'RAMDU ALDA', 'ramdualda@gmail.com', '7209258103', '1993-12-01', 'C-2010', '61.4', '2009', 'JHARKHAND ACADEMIC COUNCIL ', '50.6', '2013', 'JHARKHAND ACADEMIC COUNCIL ', '70.57', '2016', 'KOLHAN UNIVERSITY', '6.5', 2, 'Saturday 29th of July 2017 09:42:49 AM'),
('2016PGCACA57', '$2y$10$cB0CunANuvmIYptiHjQx4eFmPTm.mSSeGn.L5JeVrIh./cOuZbSY6', 'Sfurti Shukla ', '', '', '', '', '', '', '', '', '', '', '', '', '', '', 2, ''),
('2016PGCACA59', '$2y$10$X/cz9ViTwqK9iVB5r.iTj.tKLsV2XQK7RXV.OfsnAh/C0DEkd7koW', 'Sourav Roy', '', '', '', '', '', '', '', '', '', '', '', '', '', '', 2, ''),
('2016PGCACA61', '$2y$10$HINt0bKWR7Oe.XZIs0iiU.SnUKHwPoiu5nStU9Wr6Kz4TpIJXdLv6', 'Manish kumar das', '', '', '', '', '', '', '', '', '', '', '', '', '', '', 2, ''),
('2016PGCACA62', '$2y$10$ksaA72rFfQa7.xpxxRIhEuSoPbxdv3chNwuDMP6dLHj2KX3LH0dDK', 'BIPUL KUMAR', '', '', '', '', '', '', '', '', '', '', '', '', '', '', 2, ''),
('2016PGCACA64', '$2y$10$SKXQslrnqrTFFhoVXb.Kr.Nwef70SdP8c9E00sOh/Zk0gO5JBUFy2', 'Sudhir kumar', '', '', '', '', '', '', '', '', '', '', '', '', '', '', 2, ''),
('2016PGCACA65', '$2y$10$GUF7nRyxvMfmwTXU.zoG8udA0CbU2TCZ6l4UXnI0eQRavmXJFau3.', 'Vishal kumar', 'vishal.keshri60@gmail.com', '9939343046', '1995-08-04', '2012', '69', '2011', 'BSEB', '67.8', '2013', 'BSEB', '76', '2016', 'MAGADH', '6.78', 2, 'Friday 28th of July 2017 07:26:34 PM'),
('2016PGCACA66', '$2y$10$IRE2nKJFVZNnBabmKI826.jtoC0wdoFQ10ITE8Om//vEz4PHMZUAW', 'Shakya Das', 'das.shakya007@gmail.com', '9007525203', '1994-11-09', 'HC2012', '60', '2011', 'W.B.B.S.E', '65.6', '2013', 'W.B.C.H.S.E', '7.18', '2016', 'West Bengal University of Technology', '6.085', 2, 'Friday 28th of July 2017 05:46:22 PM'),
('2016PGCACA67', '$2y$10$btZkk415YJGqcHeSD6Pbt.2R0hHav2bGH3Bc51vVPHOuaTaoqf4U6', 'Niharika Chaurasiya', '', '', '', '', '', '', '', '', '', '', '', '', '', '', 2, ''),
('2016PGCACA68', '$2y$10$lbbGjmgIT1BB5b92i2HAGel4r5Fihx9.vqXu7j8IdtLXu594DaVfa', 'Mayank Sharma', 'mayanksharma9454@gmail.com', '9532702226', '1995-01-11', 'C302', '92', '2011', 'CBSE', '78.2', '2013', 'CBSE', '66.4', '2016', 'Ewing Christian College', '9.8', 2, 'Friday 28th of July 2017 02:54:42 PM'),
('2016PGCACA70', '$2y$10$K3rFsLY.tsCKS0UlUS1VP.cP/eZGT7ZZm6v1BICevcWS2DVZFYrt.', 'Sumit Pandey', 'sumitpandey0304@gmail.com', '8765260889', '1997-02-01', '2013', '9.0', '2011', 'CBSE', '79.16', '2013', 'CBSE', '69.08', '2016', 'CSJMU', '8.46', 2, 'Tuesday 1st of August 2017 09:31:52 AM'),
('2016PGCACA71', '$2y$10$OzXp8t2NYYIgU1o4.TBQ4OGKPKjHfx3eOPLPPWJdkOE1ea1v/f.E.', 'Neeraj Kumar Singh', '1995913neerajks@gmail.com', '9453384431', '1995-09-13', 'C-304', '6.8', '2011', 'CBSE', '62', '2013', 'CBSE', '88.3 ', '2016', 'SHIATS', '7.25', 2, 'Friday 28th of July 2017 02:12:32 PM'),
('2016PGCACA72', '$2y$10$D7rCiGohxC8p3wL.nRk0X.6XHsyEeL4BdvdW/NXlqQxweVd2enxjK', 'Abhishek Nayek', 'abhisheknayek008@gmail.com', '9931670513', '1993-10-01', '2013', '83.4', '2009', 'CBSE', '60.6', '2011', 'CBSE', '70.0', '2015', 'Ranchi University', '7.2', 2, 'Friday 28th of July 2017 04:46:35 PM'),
('2016PGCACA73', '$2y$10$pQd9OPvzjwmyiA/q81LcEeCEHJjCeF2LhyYoR.qsHKI53MWD9GyR6', 'Manisha Bharti ', '', '', '', '', '', '', '', '', '', '', '', '', '', '', 2, ''),
('2016PGCACA74', '$2y$10$QTewZ1mmdqFAnxhoqUet/ecmoecjPrWjgmxcXmlhoVLUF.S.YEHBa', 'RAHUL P.M ', '', '', '', '', '', '', '', '', '', '', '', '', '', '', 2, ''),
('2016PGCACA76', '$2y$10$sZcCRvgBJ1FuHHp5rRjLBOpA2lf6gsrNAFMv.nxPp1iUhocLZ7sU2', 'Shrishti kohli', '', '', '', '', '', '', '', '', '', '', '', '', '', '', 2, ''),
('2016PGCACA77', '$2y$10$yMY490Au.Lnyz3N4/5zKve.1oaRjcas9lnM4JeREDixzYWT8.lEE2', 'Vishnu Swaroop', 'vishnusawroop.vs@gmail.com', '9565507532', '1995-07-10', 'HC2014', '52.5', '2011', 'U P BOARD', '76.8', '2013', 'U P BOARD', '62.9', '2016', 'M.L.C.U', '5.5', 2, 'Friday 28th of July 2017 08:31:11 PM'),
('2016PGCACA78', '$2y$10$hSXZtAhpaRhRypbUE1huaOGYy6bySj9w.XZVuoVaNNCz./zNxwcd6', 'ABHISHEK ANAND ', 'abhisek2k9@gmail.com', '9470631661', '1991-02-01', 'HC2014', '63.4', '2007', 'B.S.E.B', '56.4', '2011', 'N.I.O.S', '73.75', '2014', 'Magadh University', '6.46', 2, 'Friday 28th of July 2017 05:22:04 PM');

--
-- Constraints for dumped tables
--

--
-- Constraints for table `apply_tbl`
--
ALTER TABLE `apply_tbl`
  ADD CONSTRAINT `apply_tbl_ibfk_1` FOREIGN KEY (`stuid`) REFERENCES `stu_tbl` (`username`),
  ADD CONSTRAINT `apply_tbl_ibfk_2` FOREIGN KEY (`companyid`) REFERENCES `company_tbl` (`id`);

/*!40101 SET CHARACTER_SET_CLIENT=@OLD_CHARACTER_SET_CLIENT */;
/*!40101 SET CHARACTER_SET_RESULTS=@OLD_CHARACTER_SET_RESULTS */;
/*!40101 SET COLLATION_CONNECTION=@OLD_COLLATION_CONNECTION */;
